-- phpMyAdmin SQL Dump
-- version 5.0.2
-- https://www.phpmyadmin.net/
--
-- Host: 127.0.0.1
-- Generation Time: Aug 22, 2023 at 12:36 AM
-- Server version: 10.1.21-MariaDB
-- PHP Version: 7.4.9

SET SQL_MODE = "NO_AUTO_VALUE_ON_ZERO";
START TRANSACTION;
SET time_zone = "+00:00";


/*!40101 SET @OLD_CHARACTER_SET_CLIENT=@@CHARACTER_SET_CLIENT */;
/*!40101 SET @OLD_CHARACTER_SET_RESULTS=@@CHARACTER_SET_RESULTS */;
/*!40101 SET @OLD_COLLATION_CONNECTION=@@COLLATION_CONNECTION */;
/*!40101 SET NAMES utf8mb4 */;

--
-- Database: `flight_booking_system`
--

-- --------------------------------------------------------

--
-- Table structure for table `airport`
--

CREATE TABLE `airport` (
  `airport_id` int(11) NOT NULL,
  `name` varchar(100) NOT NULL,
  `location` varchar(300) NOT NULL
) ENGINE=InnoDB DEFAULT CHARSET=latin1;

--
-- Dumping data for table `airport`
--

INSERT INTO `airport` (`airport_id`, `name`, `location`) VALUES
(1, 'Lester B. Pearson International Airport', '6301 Silver Dart Dr, Mississauga, ON L5P 1B2, Canada'),
(2, 'Hazrat Shahjalal International Airport', 'Airport - Dakshinkhan Rd, Dhaka 1229'),
(3, 'Indira Gandhi International Airport', 'No.367, Badam Singh Market NH-8, near shiv murti, Rangpuri, New Delhi, Delhi 110037, India'),
(4, 'John F. Kennedy International Airport', 'Queens, NY 11430, USA'),
(5, 'Miami International Airport\r\n', '2100 NW 42nd Ave, Miami, FL 33142, United States'),
(6, 'Hamad International Airport', '7J57+WPM, Doha, Qatar'),
(7, 'Dubai International Airport', 'PO Box 2525, Dubai, United Arab Emirates.'),
(8, 'Singapore Changi Airport', '60 Airport Blvd., Singapore 819643.'),
(9, 'Paris Charles de Gaulle Airport', '95700 Roissy-en-France, France'),
(10, 'Zurich Airport', 'Flughafenstrasse, 8058 Kloten, Switzerland'),
(11, 'Vienna Airport\r\n', '1300 Schwechat, Austria'),
(12, 'Madrid Barajas Airport', 'Av de la Hispanidad, s/n, 28042 Madrid, Spain');

-- --------------------------------------------------------

--
-- Table structure for table `booking`
--

CREATE TABLE `booking` (
  `booking_id` int(11) NOT NULL,
  `booking_date` timestamp NOT NULL DEFAULT CURRENT_TIMESTAMP,
  `by_passanger` varchar(20) NOT NULL,
  `reserve_seat_id` int(11) NOT NULL,
  `flight_id` int(11) NOT NULL
) ENGINE=InnoDB DEFAULT CHARSET=latin1;

--
-- Dumping data for table `booking`
--

INSERT INTO `booking` (`booking_id`, `booking_date`, `by_passanger`, `reserve_seat_id`, `flight_id`) VALUES
(1, '2023-08-21 18:00:00', 'PA0940440', 138, 90),
(2, '2023-08-21 18:00:00', 'AG 8148412', 136, 90),
(3, '2023-08-21 18:00:00', 'BH 8150412', 137, 90),
(4, '2023-08-09 18:00:00', 'PA0940440', 85, 20),
(5, '2023-08-08 18:00:00', 'PA0940440', 95, 16),
(6, '2023-08-21 22:13:24', 'PA0940440', 135, 442),
(12, '2023-08-21 22:35:36', 'BH 8150412', 133, 622);

-- --------------------------------------------------------

--
-- Table structure for table `flight`
--

CREATE TABLE `flight` (
  `flight_id` int(11) NOT NULL,
  `take_off_time` timestamp NULL DEFAULT CURRENT_TIMESTAMP,
  `arrival_time` timestamp NULL DEFAULT CURRENT_TIMESTAMP,
  `from_airport_id` int(11) NOT NULL,
  `to_airport_id` int(11) NOT NULL,
  `by_plane_id` int(11) NOT NULL
) ENGINE=InnoDB DEFAULT CHARSET=latin1;

--
-- Dumping data for table `flight`
--

INSERT INTO `flight` (`flight_id`, `take_off_time`, `arrival_time`, `from_airport_id`, `to_airport_id`, `by_plane_id`) VALUES
(1, '2023-08-22 06:50:00', '2023-08-29 12:30:00', 2, 4, 83),
(2, '2023-08-27 06:50:00', '2023-08-27 08:50:00', 1, 1, 98),
(3, '2023-08-29 06:50:00', '2023-08-29 08:50:00', 7, 5, 52),
(4, '2023-08-22 06:50:00', '2023-08-24 12:30:00', 6, 11, 27),
(5, '2023-08-27 06:50:00', '2023-08-29 12:30:00', 12, 5, 87),
(6, '2023-08-25 06:50:00', '2023-08-25 12:30:00', 7, 11, 100),
(7, '2023-08-29 06:50:00', '2023-08-29 08:50:00', 3, 1, 91),
(8, '2023-08-23 06:50:00', '2023-08-25 12:30:00', 11, 9, 67),
(9, '2023-08-22 06:50:00', '2023-08-24 12:30:00', 10, 5, 33),
(10, '2023-08-22 06:50:00', '2023-08-26 12:30:00', 8, 5, 54),
(11, '2023-08-22 06:50:00', '2023-08-24 12:30:00', 2, 10, 34),
(12, '2023-08-28 06:50:00', '2023-08-28 12:30:00', 10, 3, 17),
(13, '2023-08-28 06:50:00', '2023-08-28 08:50:00', 12, 5, 91),
(14, '2023-08-23 06:50:00', '2023-08-23 08:50:00', 10, 2, 50),
(15, '2023-08-26 06:50:00', '2023-08-26 08:50:00', 6, 7, 7),
(16, '2023-08-22 06:50:00', '2023-08-22 12:30:00', 9, 6, 10),
(17, '2023-08-29 06:50:00', '2023-08-29 12:30:00', 4, 6, 46),
(18, '2023-08-29 06:50:00', '2023-08-29 08:50:00', 2, 1, 19),
(19, '2023-08-25 06:50:00', '2023-08-25 08:50:00', 5, 10, 22),
(20, '2023-08-25 06:50:00', '2023-08-25 08:50:00', 5, 5, 32),
(21, '2023-08-26 06:50:00', '2023-08-28 12:30:00', 4, 6, 14),
(22, '2023-08-22 06:50:00', '2023-08-28 12:30:00', 6, 4, 60),
(23, '2023-08-28 06:50:00', '2023-08-28 08:50:00', 12, 8, 54),
(24, '2023-08-27 06:50:00', '2023-08-29 12:30:00', 10, 1, 67),
(25, '2023-08-27 06:50:00', '2023-08-29 12:30:00', 3, 11, 15),
(26, '2023-08-27 06:50:00', '2023-08-27 08:50:00', 8, 5, 3),
(27, '2023-08-24 06:50:00', '2023-08-27 12:30:00', 1, 9, 71),
(28, '2023-08-28 06:50:00', '2023-08-29 12:30:00', 4, 1, 15),
(29, '2023-08-28 06:50:00', '2023-08-28 08:50:00', 7, 8, 45),
(30, '2023-08-24 06:50:00', '2023-08-28 12:30:00', 5, 12, 99),
(31, '2023-08-25 06:50:00', '2023-08-27 12:30:00', 11, 2, 39),
(32, '2023-08-25 06:50:00', '2023-08-25 12:30:00', 6, 9, 13),
(33, '2023-08-23 06:50:00', '2023-08-23 12:30:00', 7, 6, 17),
(34, '2023-08-25 06:50:00', '2023-08-25 08:50:00', 10, 12, 72),
(35, '2023-08-22 06:50:00', '2023-08-23 12:30:00', 4, 10, 83),
(36, '2023-08-27 06:50:00', '2023-08-27 08:50:00', 7, 6, 53),
(37, '2023-08-22 06:50:00', '2023-08-24 12:30:00', 9, 12, 26),
(38, '2023-08-25 06:50:00', '2023-08-25 08:50:00', 1, 4, 69),
(39, '2023-08-25 06:50:00', '2023-08-28 12:30:00', 9, 10, 99),
(40, '2023-08-27 06:50:00', '2023-08-27 08:50:00', 12, 12, 66),
(41, '2023-08-27 06:50:00', '2023-08-27 08:50:00', 2, 10, 29),
(42, '2023-08-27 06:50:00', '2023-08-29 12:30:00', 4, 3, 81),
(43, '2023-08-28 06:50:00', '2023-08-28 08:50:00', 2, 12, 50),
(44, '2023-08-28 06:50:00', '2023-08-28 12:30:00', 5, 10, 72),
(45, '2023-08-27 06:50:00', '2023-08-29 12:30:00', 5, 12, 46),
(46, '2023-08-23 06:50:00', '2023-08-28 12:30:00', 9, 10, 46),
(47, '2023-08-29 06:50:00', '2023-08-29 08:50:00', 11, 2, 45),
(48, '2023-08-24 06:50:00', '2023-08-25 12:30:00', 7, 9, 9),
(49, '2023-08-24 06:50:00', '2023-08-26 12:30:00', 6, 10, 67),
(50, '2023-08-29 06:50:00', '2023-08-29 08:50:00', 3, 1, 76),
(51, '2023-08-24 06:50:00', '2023-08-24 08:50:00', 3, 10, 79),
(52, '2023-08-23 06:50:00', '2023-08-24 12:30:00', 1, 1, 90),
(53, '2023-08-24 06:50:00', '2023-08-24 12:30:00', 10, 9, 47),
(54, '2023-08-29 06:50:00', '2023-08-29 08:50:00', 5, 1, 5),
(55, '2023-08-23 06:50:00', '2023-08-23 12:30:00', 9, 7, 90),
(56, '2023-08-27 06:50:00', '2023-08-27 12:30:00', 9, 10, 28),
(57, '2023-08-28 06:50:00', '2023-08-28 08:50:00', 11, 11, 38),
(58, '2023-08-29 06:50:00', '2023-08-29 08:50:00', 4, 12, 42),
(59, '2023-08-24 06:50:00', '2023-08-28 12:30:00', 3, 3, 80),
(60, '2023-08-28 06:50:00', '2023-08-29 12:30:00', 10, 3, 17),
(61, '2023-08-23 06:50:00', '2023-08-24 12:30:00', 4, 5, 71),
(62, '2023-08-22 06:50:00', '2023-08-24 12:30:00', 2, 12, 9),
(63, '2023-08-25 06:50:00', '2023-08-25 08:50:00', 7, 2, 22),
(64, '2023-08-29 06:50:00', '2023-08-29 08:50:00', 7, 10, 68),
(65, '2023-08-28 06:50:00', '2023-08-28 08:50:00', 3, 12, 52),
(66, '2023-08-27 06:50:00', '2023-08-27 08:50:00', 4, 2, 99),
(67, '2023-08-24 06:50:00', '2023-08-24 08:50:00', 2, 4, 61),
(68, '2023-08-24 06:50:00', '2023-08-26 12:30:00', 9, 6, 47),
(69, '2023-08-28 06:50:00', '2023-08-28 12:30:00', 2, 10, 54),
(70, '2023-08-26 06:50:00', '2023-08-26 08:50:00', 12, 4, 18),
(71, '2023-08-23 06:50:00', '2023-08-28 12:30:00', 5, 5, 63),
(72, '2023-08-24 06:50:00', '2023-08-29 12:30:00', 5, 9, 96),
(73, '2023-08-24 06:50:00', '2023-08-28 12:30:00', 9, 1, 25),
(74, '2023-08-29 06:50:00', '2023-08-29 08:50:00', 3, 6, 85),
(75, '2023-08-26 06:50:00', '2023-08-28 12:30:00', 10, 10, 77),
(76, '2023-08-23 06:50:00', '2023-08-23 08:50:00', 5, 3, 61),
(77, '2023-08-28 06:50:00', '2023-08-28 08:50:00', 12, 11, 16),
(78, '2023-08-24 06:50:00', '2023-08-24 12:30:00', 6, 8, 91),
(79, '2023-08-29 06:50:00', '2023-08-29 08:50:00', 3, 7, 14),
(80, '2023-08-25 06:50:00', '2023-08-28 12:30:00', 8, 3, 71),
(81, '2023-08-24 06:50:00', '2023-08-24 08:50:00', 10, 7, 67),
(82, '2023-08-25 06:50:00', '2023-08-27 12:30:00', 3, 12, 9),
(83, '2023-08-28 06:50:00', '2023-08-28 08:50:00', 6, 5, 43),
(84, '2023-08-25 06:50:00', '2023-08-25 08:50:00', 2, 6, 70),
(85, '2023-08-25 06:50:00', '2023-08-25 08:50:00', 1, 7, 26),
(86, '2023-08-26 06:50:00', '2023-08-27 12:30:00', 6, 8, 42),
(87, '2023-08-22 06:50:00', '2023-08-29 12:30:00', 6, 1, 58),
(88, '2023-08-28 06:50:00', '2023-08-28 08:50:00', 6, 4, 24),
(89, '2023-08-26 06:50:00', '2023-08-29 12:30:00', 10, 3, 11),
(90, '2023-08-28 06:50:00', '2023-08-28 08:50:00', 2, 10, 91),
(91, '2023-08-24 06:50:00', '2023-08-24 08:50:00', 8, 7, 61),
(92, '2023-08-28 06:50:00', '2023-08-28 08:50:00', 12, 8, 32),
(93, '2023-08-29 06:50:00', '2023-08-29 08:50:00', 4, 6, 1),
(94, '2023-08-28 06:50:00', '2023-08-28 12:30:00', 7, 6, 35),
(95, '2023-08-27 06:50:00', '2023-08-29 12:30:00', 4, 3, 7),
(96, '2023-08-25 06:50:00', '2023-08-25 12:30:00', 8, 11, 48),
(97, '2023-08-29 06:50:00', '2023-08-29 08:50:00', 9, 1, 71),
(98, '2023-08-26 06:50:00', '2023-08-26 08:50:00', 2, 1, 73),
(99, '2023-08-22 06:50:00', '2023-08-26 12:30:00', 10, 4, 4),
(100, '2023-08-28 06:50:00', '2023-08-28 08:50:00', 5, 4, 85),
(101, '2023-08-23 06:50:00', '2023-08-26 12:30:00', 9, 8, 41),
(102, '2023-08-28 06:50:00', '2023-08-28 08:50:00', 12, 11, 100),
(103, '2023-08-25 06:50:00', '2023-08-25 08:50:00', 12, 3, 62),
(104, '2023-08-27 06:50:00', '2023-08-27 08:50:00', 1, 1, 25),
(105, '2023-08-28 06:50:00', '2023-08-28 08:50:00', 6, 1, 3),
(106, '2023-08-26 06:50:00', '2023-08-26 08:50:00', 4, 11, 84),
(107, '2023-08-22 06:50:00', '2023-08-26 12:30:00', 2, 7, 36),
(108, '2023-08-28 06:50:00', '2023-08-28 08:50:00', 7, 1, 38),
(109, '2023-08-29 06:50:00', '2023-08-29 08:50:00', 8, 6, 76),
(110, '2023-08-26 06:50:00', '2023-08-29 12:30:00', 12, 11, 6),
(111, '2023-08-29 06:50:00', '2023-08-29 08:50:00', 5, 5, 14),
(112, '2023-08-28 06:50:00', '2023-08-28 08:50:00', 8, 2, 5),
(113, '2023-08-26 06:50:00', '2023-08-29 12:30:00', 7, 9, 52),
(114, '2023-08-29 06:50:00', '2023-08-29 08:50:00', 2, 9, 25),
(115, '2023-08-23 06:50:00', '2023-08-26 12:30:00', 10, 6, 12),
(116, '2023-08-27 06:50:00', '2023-08-27 08:50:00', 7, 10, 79),
(117, '2023-08-25 06:50:00', '2023-08-28 12:30:00', 9, 9, 66),
(118, '2023-08-23 06:50:00', '2023-08-23 08:50:00', 7, 3, 58),
(119, '2023-08-27 06:50:00', '2023-08-27 08:50:00', 10, 12, 3),
(120, '2023-08-29 06:50:00', '2023-08-29 12:30:00', 5, 2, 97),
(121, '2023-08-22 06:50:00', '2023-08-23 12:30:00', 3, 9, 1),
(122, '2023-08-25 06:50:00', '2023-08-26 12:30:00', 5, 10, 42),
(123, '2023-08-25 06:50:00', '2023-08-25 12:30:00', 7, 8, 79),
(124, '2023-08-28 06:50:00', '2023-08-28 12:30:00', 10, 10, 64),
(125, '2023-08-28 06:50:00', '2023-08-28 08:50:00', 11, 8, 79),
(126, '2023-08-29 06:50:00', '2023-08-29 08:50:00', 5, 8, 55),
(127, '2023-08-26 06:50:00', '2023-08-26 12:30:00', 10, 4, 39),
(128, '2023-08-29 06:50:00', '2023-08-29 08:50:00', 4, 3, 85),
(129, '2023-08-27 06:50:00', '2023-08-27 08:50:00', 9, 2, 72),
(130, '2023-08-29 06:50:00', '2023-08-29 08:50:00', 10, 9, 69),
(131, '2023-08-22 06:50:00', '2023-08-28 12:30:00', 10, 1, 29),
(132, '2023-08-22 06:50:00', '2023-08-27 12:30:00', 7, 12, 72),
(133, '2023-08-25 06:50:00', '2023-08-25 08:50:00', 6, 6, 33),
(134, '2023-08-27 06:50:00', '2023-08-27 08:50:00', 5, 6, 26),
(135, '2023-08-29 06:50:00', '2023-08-29 08:50:00', 1, 8, 9),
(136, '2023-08-26 06:50:00', '2023-08-26 08:50:00', 7, 11, 72),
(137, '2023-08-24 06:50:00', '2023-08-24 08:50:00', 7, 12, 50),
(138, '2023-08-28 06:50:00', '2023-08-28 08:50:00', 6, 3, 92),
(139, '2023-08-29 06:50:00', '2023-08-29 08:50:00', 3, 10, 31),
(140, '2023-08-27 06:50:00', '2023-08-27 08:50:00', 4, 4, 72),
(141, '2023-08-27 06:50:00', '2023-08-27 12:30:00', 1, 10, 1),
(142, '2023-08-27 06:50:00', '2023-08-29 12:30:00', 5, 5, 50),
(143, '2023-08-25 06:50:00', '2023-08-25 08:50:00', 4, 12, 9),
(144, '2023-08-23 06:50:00', '2023-08-23 08:50:00', 11, 2, 68),
(145, '2023-08-24 06:50:00', '2023-08-24 08:50:00', 5, 5, 26),
(146, '2023-08-27 06:50:00', '2023-08-27 08:50:00', 4, 3, 23),
(147, '2023-08-28 06:50:00', '2023-08-29 12:30:00', 5, 4, 27),
(148, '2023-08-27 06:50:00', '2023-08-29 12:30:00', 2, 1, 86),
(149, '2023-08-27 06:50:00', '2023-08-27 08:50:00', 11, 8, 40),
(150, '2023-08-29 06:50:00', '2023-08-29 08:50:00', 11, 4, 87),
(151, '2023-08-25 06:50:00', '2023-08-25 12:30:00', 8, 6, 27),
(152, '2023-08-26 06:50:00', '2023-08-26 12:30:00', 4, 7, 12),
(153, '2023-08-24 06:50:00', '2023-08-25 12:30:00', 9, 9, 90),
(154, '2023-08-27 06:50:00', '2023-08-27 08:50:00', 6, 4, 19),
(155, '2023-08-28 06:50:00', '2023-08-28 08:50:00', 8, 10, 86),
(156, '2023-08-25 06:50:00', '2023-08-28 12:30:00', 8, 2, 1),
(157, '2023-08-24 06:50:00', '2023-08-29 12:30:00', 12, 9, 78),
(158, '2023-08-22 06:50:00', '2023-08-23 12:30:00', 3, 9, 54),
(159, '2023-08-29 06:50:00', '2023-08-29 08:50:00', 5, 2, 47),
(160, '2023-08-22 06:50:00', '2023-08-23 12:30:00', 8, 1, 48),
(161, '2023-08-25 06:50:00', '2023-08-29 12:30:00', 11, 5, 85),
(162, '2023-08-26 06:50:00', '2023-08-29 12:30:00', 5, 4, 75),
(163, '2023-08-22 06:50:00', '2023-08-25 12:30:00', 10, 3, 45),
(164, '2023-08-24 06:50:00', '2023-08-25 12:30:00', 2, 8, 85),
(165, '2023-08-22 06:50:00', '2023-08-23 12:30:00', 3, 5, 97),
(166, '2023-08-22 06:50:00', '2023-08-27 12:30:00', 3, 10, 38),
(167, '2023-08-23 06:50:00', '2023-08-23 08:50:00', 2, 12, 91),
(168, '2023-08-26 06:50:00', '2023-08-28 12:30:00', 1, 8, 7),
(169, '2023-08-23 06:50:00', '2023-08-24 12:30:00', 7, 7, 81),
(170, '2023-08-28 06:50:00', '2023-08-28 08:50:00', 12, 11, 23),
(171, '2023-08-27 06:50:00', '2023-08-28 12:30:00', 12, 11, 80),
(172, '2023-08-23 06:50:00', '2023-08-25 12:30:00', 10, 6, 41),
(173, '2023-08-22 06:50:00', '2023-08-28 12:30:00', 7, 1, 7),
(174, '2023-08-26 06:50:00', '2023-08-28 12:30:00', 8, 1, 67),
(175, '2023-08-24 06:50:00', '2023-08-28 12:30:00', 6, 6, 91),
(176, '2023-08-24 06:50:00', '2023-08-29 12:30:00', 10, 11, 36),
(177, '2023-08-27 06:50:00', '2023-08-27 08:50:00', 5, 7, 83),
(178, '2023-08-29 06:50:00', '2023-08-29 08:50:00', 8, 6, 44),
(179, '2023-08-27 06:50:00', '2023-08-27 08:50:00', 5, 3, 6),
(180, '2023-08-26 06:50:00', '2023-08-26 08:50:00', 11, 2, 87),
(181, '2023-08-27 06:50:00', '2023-08-27 08:50:00', 2, 10, 24),
(182, '2023-08-25 06:50:00', '2023-08-27 12:30:00', 7, 10, 49),
(183, '2023-08-22 06:50:00', '2023-08-22 12:30:00', 5, 6, 89),
(184, '2023-08-25 06:50:00', '2023-08-25 08:50:00', 12, 6, 79),
(185, '2023-08-23 06:50:00', '2023-08-25 12:30:00', 7, 10, 85),
(186, '2023-08-29 06:50:00', '2023-08-29 08:50:00', 8, 5, 73),
(187, '2023-08-23 06:50:00', '2023-08-28 12:30:00', 10, 6, 22),
(188, '2023-08-22 06:50:00', '2023-08-27 12:30:00', 3, 11, 16),
(189, '2023-08-22 06:50:00', '2023-08-24 12:30:00', 7, 12, 24),
(190, '2023-08-26 06:50:00', '2023-08-28 12:30:00', 8, 4, 59),
(191, '2023-08-22 06:50:00', '2023-08-22 12:30:00', 2, 11, 9),
(192, '2023-08-29 06:50:00', '2023-08-29 08:50:00', 8, 11, 49),
(193, '2023-08-25 06:50:00', '2023-08-25 08:50:00', 10, 4, 95),
(194, '2023-08-29 06:50:00', '2023-08-29 08:50:00', 4, 11, 21),
(195, '2023-08-27 06:50:00', '2023-08-28 12:30:00', 9, 9, 95),
(196, '2023-08-23 06:50:00', '2023-08-25 12:30:00', 8, 6, 82),
(197, '2023-08-24 06:50:00', '2023-08-29 12:30:00', 4, 10, 49),
(198, '2023-08-29 06:50:00', '2023-08-29 12:30:00', 3, 10, 30),
(199, '2023-08-29 06:50:00', '2023-08-29 08:50:00', 6, 6, 66),
(200, '2023-08-25 06:50:00', '2023-08-28 12:30:00', 10, 8, 28),
(201, '2023-08-25 06:50:00', '2023-08-25 08:50:00', 5, 5, 52),
(202, '2023-08-27 06:50:00', '2023-08-28 12:30:00', 8, 3, 61),
(203, '2023-08-25 06:50:00', '2023-08-25 08:50:00', 12, 7, 55),
(204, '2023-08-26 06:50:00', '2023-08-26 12:30:00', 8, 7, 25),
(205, '2023-08-29 06:50:00', '2023-08-29 08:50:00', 9, 12, 77),
(206, '2023-08-24 06:50:00', '2023-08-24 08:50:00', 2, 12, 45),
(207, '2023-08-29 06:50:00', '2023-08-29 08:50:00', 12, 11, 63),
(208, '2023-08-29 06:50:00', '2023-08-29 08:50:00', 9, 9, 71),
(209, '2023-08-28 06:50:00', '2023-08-28 12:30:00', 6, 5, 10),
(210, '2023-08-24 06:50:00', '2023-08-27 12:30:00', 7, 2, 17),
(211, '2023-08-23 06:50:00', '2023-08-28 12:30:00', 12, 9, 34),
(212, '2023-08-28 06:50:00', '2023-08-28 08:50:00', 2, 9, 59),
(213, '2023-08-22 06:50:00', '2023-08-27 12:30:00', 9, 1, 39),
(214, '2023-08-25 06:50:00', '2023-08-28 12:30:00', 2, 2, 76),
(215, '2023-08-26 06:50:00', '2023-08-26 12:30:00', 4, 12, 27),
(216, '2023-08-24 06:50:00', '2023-08-27 12:30:00', 10, 6, 46),
(217, '2023-08-29 06:50:00', '2023-08-29 12:30:00', 6, 5, 61),
(218, '2023-08-22 06:50:00', '2023-08-24 12:30:00', 3, 9, 75),
(219, '2023-08-22 06:50:00', '2023-08-24 12:30:00', 9, 10, 66),
(220, '2023-08-24 06:50:00', '2023-08-24 08:50:00', 4, 4, 20),
(221, '2023-08-23 06:50:00', '2023-08-24 12:30:00', 6, 7, 51),
(222, '2023-08-25 06:50:00', '2023-08-25 08:50:00', 9, 4, 14),
(223, '2023-08-25 06:50:00', '2023-08-28 12:30:00', 3, 3, 44),
(224, '2023-08-25 06:50:00', '2023-08-27 12:30:00', 9, 3, 96),
(225, '2023-08-24 06:50:00', '2023-08-24 08:50:00', 5, 3, 80),
(226, '2023-08-23 06:50:00', '2023-08-28 12:30:00', 11, 4, 1),
(227, '2023-08-22 06:50:00', '2023-08-26 12:30:00', 3, 11, 68),
(228, '2023-08-24 06:50:00', '2023-08-25 12:30:00', 5, 8, 10),
(229, '2023-08-27 06:50:00', '2023-08-27 12:30:00', 9, 2, 97),
(230, '2023-08-27 06:50:00', '2023-08-27 12:30:00', 5, 9, 2),
(231, '2023-08-28 06:50:00', '2023-08-28 08:50:00', 6, 4, 57),
(232, '2023-08-23 06:50:00', '2023-08-24 12:30:00', 7, 9, 27),
(233, '2023-08-24 06:50:00', '2023-08-29 12:30:00', 3, 10, 29),
(234, '2023-08-28 06:50:00', '2023-08-28 08:50:00', 4, 6, 86),
(235, '2023-08-23 06:50:00', '2023-08-28 12:30:00', 6, 4, 65),
(236, '2023-08-28 06:50:00', '2023-08-28 08:50:00', 9, 2, 90),
(237, '2023-08-25 06:50:00', '2023-08-25 08:50:00', 8, 4, 70),
(238, '2023-08-27 06:50:00', '2023-08-27 08:50:00', 6, 10, 27),
(239, '2023-08-26 06:50:00', '2023-08-26 08:50:00', 1, 6, 12),
(240, '2023-08-25 06:50:00', '2023-08-28 12:30:00', 8, 2, 33),
(241, '2023-08-26 06:50:00', '2023-08-28 12:30:00', 6, 1, 17),
(242, '2023-08-26 06:50:00', '2023-08-26 12:30:00', 7, 1, 52),
(243, '2023-08-25 06:50:00', '2023-08-25 12:30:00', 4, 5, 70),
(244, '2023-08-26 06:50:00', '2023-08-29 12:30:00', 10, 6, 86),
(245, '2023-08-27 06:50:00', '2023-08-27 08:50:00', 2, 11, 36),
(246, '2023-08-26 06:50:00', '2023-08-26 08:50:00', 6, 4, 46),
(247, '2023-08-26 06:50:00', '2023-08-26 08:50:00', 8, 11, 70),
(248, '2023-08-29 06:50:00', '2023-08-29 08:50:00', 12, 1, 37),
(249, '2023-08-23 06:50:00', '2023-08-24 12:30:00', 3, 7, 71),
(250, '2023-08-25 06:50:00', '2023-08-29 12:30:00', 12, 8, 22),
(251, '2023-08-28 06:50:00', '2023-08-28 08:50:00', 3, 9, 90),
(252, '2023-08-25 06:50:00', '2023-08-25 12:30:00', 4, 8, 87),
(253, '2023-08-28 06:50:00', '2023-08-29 12:30:00', 9, 11, 87),
(254, '2023-08-24 06:50:00', '2023-08-29 12:30:00', 5, 3, 20),
(255, '2023-08-26 06:50:00', '2023-08-29 12:30:00', 11, 4, 64),
(256, '2023-08-24 06:50:00', '2023-08-24 08:50:00', 12, 8, 10),
(257, '2023-08-23 06:50:00', '2023-08-28 12:30:00', 4, 9, 44),
(258, '2023-08-28 06:50:00', '2023-08-28 12:30:00', 8, 8, 31),
(259, '2023-08-28 06:50:00', '2023-08-28 08:50:00', 6, 5, 76),
(260, '2023-08-29 06:50:00', '2023-08-29 08:50:00', 9, 4, 72),
(261, '2023-08-26 06:50:00', '2023-08-26 08:50:00', 1, 10, 67),
(262, '2023-08-25 06:50:00', '2023-08-28 12:30:00', 2, 5, 98),
(263, '2023-08-26 06:50:00', '2023-08-26 08:50:00', 4, 8, 82),
(264, '2023-08-27 06:50:00', '2023-08-29 12:30:00', 9, 12, 60),
(265, '2023-08-28 06:50:00', '2023-08-28 12:30:00', 12, 6, 69),
(266, '2023-08-22 06:50:00', '2023-08-26 12:30:00', 5, 7, 59),
(267, '2023-08-23 06:50:00', '2023-08-29 12:30:00', 1, 4, 61),
(268, '2023-08-24 06:50:00', '2023-08-28 12:30:00', 8, 11, 42),
(269, '2023-08-24 06:50:00', '2023-08-25 12:30:00', 2, 12, 94),
(270, '2023-08-24 06:50:00', '2023-08-24 08:50:00', 10, 4, 100),
(271, '2023-08-23 06:50:00', '2023-08-28 12:30:00', 6, 12, 9),
(272, '2023-08-24 06:50:00', '2023-08-24 08:50:00', 9, 11, 77),
(273, '2023-08-22 06:50:00', '2023-08-25 12:30:00', 6, 9, 50),
(274, '2023-08-22 06:50:00', '2023-08-24 12:30:00', 3, 9, 64),
(275, '2023-08-29 06:50:00', '2023-08-29 08:50:00', 10, 4, 21),
(276, '2023-08-29 06:50:00', '2023-08-29 08:50:00', 9, 1, 83),
(277, '2023-08-29 06:50:00', '2023-08-29 08:50:00', 9, 1, 98),
(278, '2023-08-24 06:50:00', '2023-08-29 12:30:00', 12, 5, 90),
(279, '2023-08-28 06:50:00', '2023-08-28 08:50:00', 12, 6, 95),
(280, '2023-08-26 06:50:00', '2023-08-28 12:30:00', 12, 10, 2),
(281, '2023-08-25 06:50:00', '2023-08-25 08:50:00', 5, 11, 90),
(282, '2023-08-23 06:50:00', '2023-08-24 12:30:00', 8, 12, 13),
(283, '2023-08-22 06:50:00', '2023-08-25 12:30:00', 10, 3, 65),
(284, '2023-08-22 06:50:00', '2023-08-22 12:30:00', 7, 9, 72),
(285, '2023-08-29 06:50:00', '2023-08-29 08:50:00', 10, 11, 60),
(286, '2023-08-23 06:50:00', '2023-08-23 08:50:00', 1, 8, 17),
(287, '2023-08-22 06:50:00', '2023-08-25 12:30:00', 3, 1, 58),
(288, '2023-08-27 06:50:00', '2023-08-27 08:50:00', 7, 6, 81),
(289, '2023-08-24 06:50:00', '2023-08-28 12:30:00', 2, 5, 18),
(290, '2023-08-26 06:50:00', '2023-08-26 08:50:00', 4, 10, 19),
(291, '2023-08-28 06:50:00', '2023-08-29 12:30:00', 12, 8, 13),
(292, '2023-08-24 06:50:00', '2023-08-25 12:30:00', 6, 4, 76),
(293, '2023-08-26 06:50:00', '2023-08-26 08:50:00', 5, 8, 91),
(294, '2023-08-24 06:50:00', '2023-08-24 08:50:00', 4, 9, 49),
(295, '2023-08-23 06:50:00', '2023-08-28 12:30:00', 12, 11, 48),
(296, '2023-08-22 06:50:00', '2023-08-24 12:30:00', 6, 6, 47),
(297, '2023-08-27 06:50:00', '2023-08-29 12:30:00', 1, 9, 50),
(298, '2023-08-22 06:50:00', '2023-08-25 12:30:00', 10, 1, 52),
(299, '2023-08-25 06:50:00', '2023-08-29 12:30:00', 6, 4, 7),
(300, '2023-08-28 06:50:00', '2023-08-28 08:50:00', 1, 2, 47),
(301, '2023-08-29 06:50:00', '2023-08-29 08:50:00', 9, 2, 11),
(302, '2023-08-24 06:50:00', '2023-08-24 08:50:00', 4, 9, 37),
(303, '2023-08-25 06:50:00', '2023-08-25 08:50:00', 11, 11, 48),
(304, '2023-08-23 06:50:00', '2023-08-25 12:30:00', 3, 9, 45),
(305, '2023-08-23 06:50:00', '2023-08-26 12:30:00', 7, 8, 42),
(306, '2023-08-27 06:50:00', '2023-08-27 08:50:00', 5, 7, 93),
(307, '2023-08-23 06:50:00', '2023-08-29 12:30:00', 5, 8, 40),
(308, '2023-08-27 06:50:00', '2023-08-27 08:50:00', 8, 12, 77),
(309, '2023-08-26 06:50:00', '2023-08-28 12:30:00', 10, 7, 58),
(310, '2023-08-27 06:50:00', '2023-08-27 08:50:00', 1, 1, 83),
(311, '2023-08-26 06:50:00', '2023-08-28 12:30:00', 3, 11, 7),
(312, '2023-08-29 06:50:00', '2023-08-29 12:30:00', 9, 6, 65),
(313, '2023-08-24 06:50:00', '2023-08-27 12:30:00', 11, 12, 15),
(314, '2023-08-28 06:50:00', '2023-08-28 08:50:00', 5, 9, 47),
(315, '2023-08-29 06:50:00', '2023-08-29 12:30:00', 9, 1, 77),
(316, '2023-08-25 06:50:00', '2023-08-25 12:30:00', 1, 10, 76),
(317, '2023-08-26 06:50:00', '2023-08-28 12:30:00', 5, 7, 39),
(318, '2023-08-22 06:50:00', '2023-08-25 12:30:00', 7, 5, 29),
(319, '2023-08-26 06:50:00', '2023-08-27 12:30:00', 1, 6, 47),
(320, '2023-08-28 06:50:00', '2023-08-28 08:50:00', 11, 9, 16),
(321, '2023-08-23 06:50:00', '2023-08-26 12:30:00', 11, 7, 10),
(322, '2023-08-24 06:50:00', '2023-08-24 08:50:00', 10, 2, 32),
(323, '2023-08-24 06:50:00', '2023-08-24 08:50:00', 2, 6, 83),
(324, '2023-08-24 06:50:00', '2023-08-26 12:30:00', 3, 7, 36),
(325, '2023-08-29 06:50:00', '2023-08-29 08:50:00', 9, 1, 22),
(326, '2023-08-28 06:50:00', '2023-08-28 08:50:00', 4, 2, 51),
(327, '2023-08-27 06:50:00', '2023-08-28 12:30:00', 10, 9, 18),
(328, '2023-08-27 06:50:00', '2023-08-27 08:50:00', 11, 1, 21),
(329, '2023-08-28 06:50:00', '2023-08-28 08:50:00', 5, 2, 46),
(330, '2023-08-25 06:50:00', '2023-08-27 12:30:00', 2, 2, 26),
(331, '2023-08-24 06:50:00', '2023-08-25 12:30:00', 9, 11, 44),
(332, '2023-08-29 06:50:00', '2023-08-29 08:50:00', 1, 3, 11),
(333, '2023-08-29 06:50:00', '2023-08-29 08:50:00', 12, 4, 46),
(334, '2023-08-29 06:50:00', '2023-08-29 08:50:00', 3, 9, 16),
(335, '2023-08-26 06:50:00', '2023-08-26 08:50:00', 8, 12, 77),
(336, '2023-08-24 06:50:00', '2023-08-26 12:30:00', 1, 9, 48),
(337, '2023-08-27 06:50:00', '2023-08-28 12:30:00', 2, 5, 82),
(338, '2023-08-24 06:50:00', '2023-08-27 12:30:00', 11, 7, 18),
(339, '2023-08-27 06:50:00', '2023-08-27 08:50:00', 12, 7, 7),
(340, '2023-08-29 06:50:00', '2023-08-29 08:50:00', 1, 3, 11),
(341, '2023-08-24 06:50:00', '2023-08-27 12:30:00', 4, 9, 28),
(342, '2023-08-27 06:50:00', '2023-08-27 08:50:00', 11, 10, 91),
(343, '2023-08-27 06:50:00', '2023-08-27 08:50:00', 11, 7, 81),
(344, '2023-08-28 06:50:00', '2023-08-28 08:50:00', 11, 1, 58),
(345, '2023-08-25 06:50:00', '2023-08-28 12:30:00', 5, 10, 87),
(346, '2023-08-24 06:50:00', '2023-08-28 12:30:00', 7, 2, 84),
(347, '2023-08-27 06:50:00', '2023-08-27 08:50:00', 4, 1, 60),
(348, '2023-08-24 06:50:00', '2023-08-24 12:30:00', 7, 8, 25),
(349, '2023-08-24 06:50:00', '2023-08-25 12:30:00', 2, 10, 11),
(350, '2023-08-24 06:50:00', '2023-08-28 12:30:00', 9, 5, 4),
(351, '2023-08-23 06:50:00', '2023-08-23 08:50:00', 4, 2, 34),
(352, '2023-08-28 06:50:00', '2023-08-28 12:30:00', 2, 3, 18),
(353, '2023-08-28 06:50:00', '2023-08-28 08:50:00', 11, 11, 80),
(354, '2023-08-25 06:50:00', '2023-08-25 08:50:00', 4, 1, 26),
(355, '2023-08-28 06:50:00', '2023-08-28 08:50:00', 9, 7, 50),
(356, '2023-08-29 06:50:00', '2023-08-29 08:50:00', 4, 9, 30),
(357, '2023-08-28 06:50:00', '2023-08-28 08:50:00', 3, 1, 50),
(358, '2023-08-26 06:50:00', '2023-08-26 08:50:00', 1, 3, 30),
(359, '2023-08-23 06:50:00', '2023-08-26 12:30:00', 10, 2, 88),
(360, '2023-08-28 06:50:00', '2023-08-28 08:50:00', 1, 10, 66),
(361, '2023-08-28 06:50:00', '2023-08-28 08:50:00', 11, 2, 19),
(362, '2023-08-22 06:50:00', '2023-08-23 12:30:00', 10, 12, 37),
(363, '2023-08-23 06:50:00', '2023-08-29 12:30:00', 8, 8, 64),
(364, '2023-08-27 06:50:00', '2023-08-27 08:50:00', 8, 8, 89),
(365, '2023-08-29 06:50:00', '2023-08-29 08:50:00', 5, 1, 67),
(366, '2023-08-23 06:50:00', '2023-08-29 12:30:00', 6, 2, 80),
(367, '2023-08-27 06:50:00', '2023-08-27 12:30:00', 8, 9, 49),
(368, '2023-08-22 06:50:00', '2023-08-28 12:30:00', 1, 1, 6),
(369, '2023-08-25 06:50:00', '2023-08-26 12:30:00', 4, 8, 25),
(370, '2023-08-22 06:50:00', '2023-08-22 12:30:00', 11, 10, 53),
(371, '2023-08-25 06:50:00', '2023-08-25 08:50:00', 11, 10, 17),
(372, '2023-08-26 06:50:00', '2023-08-26 08:50:00', 11, 2, 52),
(373, '2023-08-26 06:50:00', '2023-08-26 08:50:00', 7, 2, 95),
(374, '2023-08-24 06:50:00', '2023-08-28 12:30:00', 8, 7, 89),
(375, '2023-08-24 06:50:00', '2023-08-24 08:50:00', 9, 7, 42),
(376, '2023-08-26 06:50:00', '2023-08-27 12:30:00', 9, 9, 38),
(377, '2023-08-25 06:50:00', '2023-08-25 08:50:00', 11, 3, 4),
(378, '2023-08-26 06:50:00', '2023-08-29 12:30:00', 5, 1, 33),
(379, '2023-08-22 06:50:00', '2023-08-26 12:30:00', 10, 6, 29),
(380, '2023-08-23 06:50:00', '2023-08-28 12:30:00', 7, 6, 54),
(381, '2023-08-23 06:50:00', '2023-08-28 12:30:00', 5, 5, 28),
(382, '2023-08-22 06:50:00', '2023-08-28 12:30:00', 11, 6, 2),
(383, '2023-08-29 06:50:00', '2023-08-29 12:30:00', 8, 11, 45),
(384, '2023-08-24 06:50:00', '2023-08-29 12:30:00', 3, 6, 31),
(385, '2023-08-28 06:50:00', '2023-08-28 12:30:00', 6, 4, 34),
(386, '2023-08-25 06:50:00', '2023-08-28 12:30:00', 7, 9, 80),
(387, '2023-08-29 06:50:00', '2023-08-29 08:50:00', 6, 10, 40),
(388, '2023-08-29 06:50:00', '2023-08-29 08:50:00', 2, 5, 30),
(389, '2023-08-29 06:50:00', '2023-08-29 08:50:00', 4, 9, 12),
(390, '2023-08-28 06:50:00', '2023-08-28 08:50:00', 7, 4, 71),
(391, '2023-08-25 06:50:00', '2023-08-25 08:50:00', 9, 2, 48),
(392, '2023-08-23 06:50:00', '2023-08-27 12:30:00', 7, 8, 36),
(393, '2023-08-25 06:50:00', '2023-08-27 12:30:00', 7, 12, 19),
(394, '2023-08-23 06:50:00', '2023-08-23 08:50:00', 6, 6, 52),
(395, '2023-08-23 06:50:00', '2023-08-26 12:30:00', 7, 2, 7),
(396, '2023-08-26 06:50:00', '2023-08-27 12:30:00', 12, 7, 49),
(397, '2023-08-26 06:50:00', '2023-08-27 12:30:00', 1, 1, 72),
(398, '2023-08-23 06:50:00', '2023-08-24 12:30:00', 11, 10, 38),
(399, '2023-08-22 06:50:00', '2023-08-26 12:30:00', 12, 10, 90),
(400, '2023-08-26 06:50:00', '2023-08-26 08:50:00', 11, 7, 79),
(401, '2023-08-27 06:50:00', '2023-08-27 08:50:00', 4, 3, 30),
(402, '2023-08-23 06:50:00', '2023-08-25 12:30:00', 11, 4, 17),
(403, '2023-08-27 06:50:00', '2023-08-27 08:50:00', 5, 8, 87),
(404, '2023-08-22 06:50:00', '2023-08-27 12:30:00', 1, 4, 55),
(405, '2023-08-23 06:50:00', '2023-08-25 12:30:00', 5, 5, 93),
(406, '2023-08-22 06:50:00', '2023-08-26 12:30:00', 7, 5, 50),
(407, '2023-08-24 06:50:00', '2023-08-27 12:30:00', 2, 8, 15),
(408, '2023-08-25 06:50:00', '2023-08-25 08:50:00', 9, 4, 79),
(409, '2023-08-24 06:50:00', '2023-08-24 08:50:00', 2, 7, 91),
(410, '2023-08-27 06:50:00', '2023-08-27 08:50:00', 9, 4, 17),
(411, '2023-08-28 06:50:00', '2023-08-28 08:50:00', 3, 6, 42),
(412, '2023-08-27 06:50:00', '2023-08-27 08:50:00', 5, 5, 32),
(413, '2023-08-26 06:50:00', '2023-08-26 08:50:00', 7, 10, 82),
(414, '2023-08-27 06:50:00', '2023-08-27 08:50:00', 10, 1, 80),
(415, '2023-08-28 06:50:00', '2023-08-28 08:50:00', 5, 9, 96),
(416, '2023-08-23 06:50:00', '2023-08-23 08:50:00', 6, 9, 32),
(417, '2023-08-22 06:50:00', '2023-08-24 12:30:00', 3, 2, 56),
(418, '2023-08-23 06:50:00', '2023-08-26 12:30:00', 8, 8, 43),
(419, '2023-08-27 06:50:00', '2023-08-29 12:30:00', 10, 7, 27),
(420, '2023-08-29 06:50:00', '2023-08-29 08:50:00', 5, 4, 45),
(421, '2023-08-26 06:50:00', '2023-08-26 08:50:00', 9, 4, 51),
(422, '2023-08-25 06:50:00', '2023-08-25 08:50:00', 12, 6, 16),
(423, '2023-08-25 06:50:00', '2023-08-28 12:30:00', 6, 10, 79),
(424, '2023-08-27 06:50:00', '2023-08-27 08:50:00', 5, 5, 73),
(425, '2023-08-25 06:50:00', '2023-08-26 12:30:00', 11, 3, 13),
(426, '2023-08-24 06:50:00', '2023-08-26 12:30:00', 10, 6, 39),
(427, '2023-08-28 06:50:00', '2023-08-29 12:30:00', 4, 3, 85),
(428, '2023-08-29 06:50:00', '2023-08-29 08:50:00', 3, 7, 75),
(429, '2023-08-23 06:50:00', '2023-08-23 08:50:00', 9, 4, 100),
(430, '2023-08-26 06:50:00', '2023-08-26 12:30:00', 4, 6, 32),
(431, '2023-08-25 06:50:00', '2023-08-26 12:30:00', 4, 12, 54),
(432, '2023-08-24 06:50:00', '2023-08-25 12:30:00', 10, 7, 70),
(433, '2023-08-23 06:50:00', '2023-08-27 12:30:00', 5, 12, 96),
(434, '2023-08-22 06:50:00', '2023-08-23 12:30:00', 3, 1, 25),
(435, '2023-08-29 06:50:00', '2023-08-29 08:50:00', 8, 5, 58),
(436, '2023-08-24 06:50:00', '2023-08-26 12:30:00', 8, 9, 27),
(437, '2023-08-23 06:50:00', '2023-08-23 12:30:00', 6, 9, 61),
(438, '2023-08-24 06:50:00', '2023-08-25 12:30:00', 3, 2, 21),
(439, '2023-08-23 06:50:00', '2023-08-28 12:30:00', 9, 10, 85),
(440, '2023-08-26 06:50:00', '2023-08-26 08:50:00', 7, 3, 29),
(441, '2023-08-29 06:50:00', '2023-08-29 08:50:00', 5, 2, 18),
(442, '2023-08-23 06:50:00', '2023-08-29 12:30:00', 1, 8, 20),
(443, '2023-08-29 06:50:00', '2023-08-29 08:50:00', 10, 10, 99),
(444, '2023-08-24 06:50:00', '2023-08-26 12:30:00', 2, 3, 51),
(445, '2023-08-24 06:50:00', '2023-08-24 08:50:00', 10, 11, 96),
(446, '2023-08-28 06:50:00', '2023-08-28 08:50:00', 2, 1, 6),
(447, '2023-08-26 06:50:00', '2023-08-27 12:30:00', 2, 12, 71),
(448, '2023-08-25 06:50:00', '2023-08-27 12:30:00', 2, 7, 36),
(449, '2023-08-24 06:50:00', '2023-08-24 12:30:00', 1, 5, 67),
(450, '2023-08-25 06:50:00', '2023-08-26 12:30:00', 6, 2, 27),
(451, '2023-08-28 06:50:00', '2023-08-28 08:50:00', 7, 12, 24),
(452, '2023-08-23 06:50:00', '2023-08-26 12:30:00', 6, 11, 95),
(453, '2023-08-26 06:50:00', '2023-08-26 08:50:00', 10, 4, 52),
(454, '2023-08-28 06:50:00', '2023-08-28 08:50:00', 6, 9, 84),
(455, '2023-08-25 06:50:00', '2023-08-25 12:30:00', 7, 6, 40),
(456, '2023-08-28 06:50:00', '2023-08-28 08:50:00', 9, 9, 63),
(457, '2023-08-25 06:50:00', '2023-08-27 12:30:00', 2, 7, 23),
(458, '2023-08-28 06:50:00', '2023-08-29 12:30:00', 4, 6, 63),
(459, '2023-08-23 06:50:00', '2023-08-23 12:30:00', 4, 4, 35),
(460, '2023-08-29 06:50:00', '2023-08-29 08:50:00', 10, 11, 12),
(461, '2023-08-22 06:50:00', '2023-08-22 12:30:00', 4, 3, 27),
(462, '2023-08-23 06:50:00', '2023-08-28 12:30:00', 2, 4, 66),
(463, '2023-08-29 06:50:00', '2023-08-29 08:50:00', 3, 5, 29),
(464, '2023-08-26 06:50:00', '2023-08-28 12:30:00', 12, 4, 79),
(465, '2023-08-29 06:50:00', '2023-08-29 08:50:00', 7, 1, 63),
(466, '2023-08-26 06:50:00', '2023-08-29 12:30:00', 9, 4, 12),
(467, '2023-08-23 06:50:00', '2023-08-27 12:30:00', 9, 2, 83),
(468, '2023-08-27 06:50:00', '2023-08-28 12:30:00', 12, 6, 72),
(469, '2023-08-25 06:50:00', '2023-08-26 12:30:00', 7, 9, 13),
(470, '2023-08-22 06:50:00', '2023-08-24 12:30:00', 1, 3, 30),
(471, '2023-08-25 06:50:00', '2023-08-25 12:30:00', 8, 12, 98),
(472, '2023-08-28 06:50:00', '2023-08-28 08:50:00', 4, 8, 41),
(473, '2023-08-29 06:50:00', '2023-08-29 12:30:00', 7, 2, 49),
(474, '2023-08-24 06:50:00', '2023-08-24 12:30:00', 6, 5, 48),
(475, '2023-08-28 06:50:00', '2023-08-28 08:50:00', 9, 3, 58),
(476, '2023-08-26 06:50:00', '2023-08-29 12:30:00', 10, 8, 73),
(477, '2023-08-24 06:50:00', '2023-08-28 12:30:00', 2, 11, 29),
(478, '2023-08-22 06:50:00', '2023-08-28 12:30:00', 11, 9, 2),
(479, '2023-08-24 06:50:00', '2023-08-25 12:30:00', 10, 10, 75),
(480, '2023-08-26 06:50:00', '2023-08-27 12:30:00', 6, 5, 17),
(481, '2023-08-22 06:50:00', '2023-08-25 12:30:00', 1, 4, 9),
(482, '2023-08-26 06:50:00', '2023-08-26 08:50:00', 3, 6, 10),
(483, '2023-08-25 06:50:00', '2023-08-25 08:50:00', 10, 1, 10),
(484, '2023-08-27 06:50:00', '2023-08-27 08:50:00', 12, 10, 37),
(485, '2023-08-24 06:50:00', '2023-08-24 08:50:00', 11, 5, 93),
(486, '2023-08-26 06:50:00', '2023-08-26 08:50:00', 11, 11, 91),
(487, '2023-08-25 06:50:00', '2023-08-25 08:50:00', 12, 5, 35),
(488, '2023-08-28 06:50:00', '2023-08-29 12:30:00', 12, 8, 37),
(489, '2023-08-25 06:50:00', '2023-08-28 12:30:00', 8, 6, 67),
(490, '2023-08-27 06:50:00', '2023-08-27 12:30:00', 4, 10, 94),
(491, '2023-08-24 06:50:00', '2023-08-25 12:30:00', 10, 8, 82),
(492, '2023-08-29 06:50:00', '2023-08-29 08:50:00', 1, 7, 43),
(493, '2023-08-23 06:50:00', '2023-08-24 12:30:00', 8, 2, 90),
(494, '2023-08-22 06:50:00', '2023-08-28 12:30:00', 11, 2, 30),
(495, '2023-08-26 06:50:00', '2023-08-28 12:30:00', 5, 12, 68),
(496, '2023-08-27 06:50:00', '2023-08-27 08:50:00', 5, 5, 81),
(497, '2023-08-27 06:50:00', '2023-08-27 08:50:00', 7, 9, 7),
(498, '2023-08-26 06:50:00', '2023-08-26 08:50:00', 1, 2, 88),
(499, '2023-08-27 06:50:00', '2023-08-27 12:30:00', 2, 10, 20),
(500, '2023-08-29 06:50:00', '2023-08-29 12:30:00', 7, 6, 49),
(501, '2023-08-26 06:50:00', '2023-08-27 12:30:00', 12, 3, 95),
(502, '2023-08-28 06:50:00', '2023-08-28 08:50:00', 12, 11, 23),
(503, '2023-08-26 06:50:00', '2023-08-26 08:50:00', 8, 9, 12),
(504, '2023-08-29 06:50:00', '2023-08-29 08:50:00', 2, 11, 71),
(505, '2023-08-29 06:50:00', '2023-08-29 08:50:00', 12, 6, 33),
(506, '2023-08-28 06:50:00', '2023-08-28 08:50:00', 10, 7, 99),
(507, '2023-08-23 06:50:00', '2023-08-27 12:30:00', 3, 3, 98),
(508, '2023-08-29 06:50:00', '2023-08-29 08:50:00', 11, 6, 26),
(509, '2023-08-26 06:50:00', '2023-08-29 12:30:00', 3, 4, 42),
(510, '2023-08-25 06:50:00', '2023-08-29 12:30:00', 12, 2, 42),
(511, '2023-08-27 06:50:00', '2023-08-27 08:50:00', 10, 10, 69),
(512, '2023-08-27 06:50:00', '2023-08-27 08:50:00', 9, 8, 36),
(513, '2023-08-28 06:50:00', '2023-08-28 08:50:00', 3, 2, 86),
(514, '2023-08-29 06:50:00', '2023-08-29 12:30:00', 5, 10, 15),
(515, '2023-08-23 06:50:00', '2023-08-23 12:30:00', 6, 12, 14),
(516, '2023-08-23 06:50:00', '2023-08-23 08:50:00', 7, 2, 38),
(517, '2023-08-24 06:50:00', '2023-08-27 12:30:00', 12, 12, 9),
(518, '2023-08-25 06:50:00', '2023-08-27 12:30:00', 1, 7, 24),
(519, '2023-08-27 06:50:00', '2023-08-27 08:50:00', 12, 8, 23),
(520, '2023-08-26 06:50:00', '2023-08-28 12:30:00', 8, 7, 68),
(521, '2023-08-23 06:50:00', '2023-08-24 12:30:00', 1, 7, 87),
(522, '2023-08-23 06:50:00', '2023-08-24 12:30:00', 12, 8, 84),
(523, '2023-08-24 06:50:00', '2023-08-24 08:50:00', 7, 6, 87),
(524, '2023-08-24 06:50:00', '2023-08-24 12:30:00', 10, 9, 69),
(525, '2023-08-24 06:50:00', '2023-08-26 12:30:00', 9, 3, 73),
(526, '2023-08-25 06:50:00', '2023-08-26 12:30:00', 10, 11, 64),
(527, '2023-08-22 06:50:00', '2023-08-24 12:30:00', 8, 5, 36),
(528, '2023-08-28 06:50:00', '2023-08-28 08:50:00', 7, 4, 8),
(529, '2023-08-29 06:50:00', '2023-08-29 08:50:00', 2, 4, 48),
(530, '2023-08-24 06:50:00', '2023-08-29 12:30:00', 4, 4, 10),
(531, '2023-08-24 06:50:00', '2023-08-24 08:50:00', 3, 4, 24),
(532, '2023-08-24 06:50:00', '2023-08-25 12:30:00', 11, 5, 63),
(533, '2023-08-26 06:50:00', '2023-08-28 12:30:00', 4, 5, 57),
(534, '2023-08-26 06:50:00', '2023-08-26 08:50:00', 7, 8, 72),
(535, '2023-08-29 06:50:00', '2023-08-29 08:50:00', 6, 7, 62),
(536, '2023-08-26 06:50:00', '2023-08-26 08:50:00', 11, 1, 34),
(537, '2023-08-28 06:50:00', '2023-08-28 08:50:00', 1, 9, 88),
(538, '2023-08-23 06:50:00', '2023-08-24 12:30:00', 4, 12, 82),
(539, '2023-08-28 06:50:00', '2023-08-29 12:30:00', 7, 5, 25),
(540, '2023-08-27 06:50:00', '2023-08-27 12:30:00', 5, 1, 60),
(541, '2023-08-25 06:50:00', '2023-08-28 12:30:00', 10, 6, 66),
(542, '2023-08-29 06:50:00', '2023-08-29 08:50:00', 5, 3, 12),
(543, '2023-08-29 06:50:00', '2023-08-29 08:50:00', 1, 11, 69),
(544, '2023-08-22 06:50:00', '2023-08-23 12:30:00', 9, 7, 19),
(545, '2023-08-24 06:50:00', '2023-08-25 12:30:00', 5, 10, 48),
(546, '2023-08-26 06:50:00', '2023-08-26 08:50:00', 8, 8, 51),
(547, '2023-08-24 06:50:00', '2023-08-27 12:30:00', 8, 4, 19),
(548, '2023-08-25 06:50:00', '2023-08-25 08:50:00', 3, 6, 21),
(549, '2023-08-22 06:50:00', '2023-08-24 12:30:00', 12, 6, 78),
(550, '2023-08-25 06:50:00', '2023-08-25 08:50:00', 12, 5, 25),
(551, '2023-08-29 06:50:00', '2023-08-29 08:50:00', 5, 2, 52),
(552, '2023-08-23 06:50:00', '2023-08-24 12:30:00', 7, 7, 70),
(553, '2023-08-28 06:50:00', '2023-08-28 12:30:00', 8, 8, 61),
(554, '2023-08-23 06:50:00', '2023-08-23 08:50:00', 10, 10, 57),
(555, '2023-08-28 06:50:00', '2023-08-28 12:30:00', 7, 2, 92),
(556, '2023-08-26 06:50:00', '2023-08-26 12:30:00', 10, 7, 91),
(557, '2023-08-27 06:50:00', '2023-08-27 08:50:00', 3, 6, 26),
(558, '2023-08-23 06:50:00', '2023-08-23 08:50:00', 12, 1, 32),
(559, '2023-08-25 06:50:00', '2023-08-28 12:30:00', 12, 9, 66),
(560, '2023-08-28 06:50:00', '2023-08-28 08:50:00', 11, 2, 47),
(561, '2023-08-28 06:50:00', '2023-08-28 08:50:00', 8, 1, 42),
(562, '2023-08-22 06:50:00', '2023-08-23 12:30:00', 7, 2, 86),
(563, '2023-08-22 06:50:00', '2023-08-26 12:30:00', 7, 8, 66),
(564, '2023-08-24 06:50:00', '2023-08-24 12:30:00', 4, 5, 68),
(565, '2023-08-27 06:50:00', '2023-08-29 12:30:00', 8, 11, 99),
(566, '2023-08-22 06:50:00', '2023-08-24 12:30:00', 1, 4, 48),
(567, '2023-08-26 06:50:00', '2023-08-26 08:50:00', 1, 10, 25),
(568, '2023-08-29 06:50:00', '2023-08-29 08:50:00', 5, 2, 24),
(569, '2023-08-27 06:50:00', '2023-08-29 12:30:00', 1, 10, 21),
(570, '2023-08-28 06:50:00', '2023-08-28 08:50:00', 5, 8, 12),
(571, '2023-08-28 06:50:00', '2023-08-28 08:50:00', 3, 10, 99),
(572, '2023-08-26 06:50:00', '2023-08-29 12:30:00', 3, 9, 25),
(573, '2023-08-27 06:50:00', '2023-08-29 12:30:00', 1, 6, 70),
(574, '2023-08-22 06:50:00', '2023-08-25 12:30:00', 8, 11, 84),
(575, '2023-08-28 06:50:00', '2023-08-28 08:50:00', 9, 9, 73),
(576, '2023-08-25 06:50:00', '2023-08-25 12:30:00', 3, 3, 100),
(577, '2023-08-24 06:50:00', '2023-08-24 12:30:00', 10, 9, 66),
(578, '2023-08-22 06:50:00', '2023-08-28 12:30:00', 12, 4, 82),
(579, '2023-08-22 06:50:00', '2023-08-29 12:30:00', 3, 12, 76),
(580, '2023-08-26 06:50:00', '2023-08-26 08:50:00', 4, 3, 22),
(581, '2023-08-22 06:50:00', '2023-08-24 12:30:00', 10, 4, 96),
(582, '2023-08-24 06:50:00', '2023-08-29 12:30:00', 8, 12, 55),
(583, '2023-08-29 06:50:00', '2023-08-29 08:50:00', 11, 8, 93),
(584, '2023-08-25 06:50:00', '2023-08-25 12:30:00', 5, 7, 47),
(585, '2023-08-23 06:50:00', '2023-08-28 12:30:00', 4, 6, 68),
(586, '2023-08-26 06:50:00', '2023-08-26 08:50:00', 7, 2, 15),
(587, '2023-08-27 06:50:00', '2023-08-27 08:50:00', 11, 8, 45),
(588, '2023-08-27 06:50:00', '2023-08-27 08:50:00', 5, 10, 62),
(589, '2023-08-22 06:50:00', '2023-08-26 12:30:00', 7, 2, 60),
(590, '2023-08-28 06:50:00', '2023-08-28 08:50:00', 1, 3, 100),
(591, '2023-08-27 06:50:00', '2023-08-27 08:50:00', 2, 1, 62),
(592, '2023-08-23 06:50:00', '2023-08-24 12:30:00', 10, 5, 20),
(593, '2023-08-29 06:50:00', '2023-08-29 08:50:00', 3, 3, 61),
(594, '2023-08-27 06:50:00', '2023-08-27 08:50:00', 1, 7, 78),
(595, '2023-08-23 06:50:00', '2023-08-26 12:30:00', 12, 2, 88),
(596, '2023-08-23 06:50:00', '2023-08-27 12:30:00', 11, 2, 17),
(597, '2023-08-22 06:50:00', '2023-08-27 12:30:00', 4, 4, 86),
(598, '2023-08-27 06:50:00', '2023-08-27 08:50:00', 7, 6, 88),
(599, '2023-08-28 06:50:00', '2023-08-28 08:50:00', 4, 3, 65),
(600, '2023-08-26 06:50:00', '2023-08-26 08:50:00', 3, 5, 98),
(601, '2023-08-28 06:50:00', '2023-08-27 12:30:00', 3, 3, 9),
(602, '2023-08-26 06:50:00', '2023-08-23 12:30:00', 2, 6, 51),
(603, '2023-08-24 06:50:00', '2023-08-28 12:30:00', 6, 1, 40),
(604, '2023-08-24 06:50:00', '2023-08-27 12:30:00', 5, 6, 67),
(605, '2023-08-24 06:50:00', '2023-08-26 12:30:00', 5, 6, 74),
(606, '2023-08-24 06:50:00', '2023-08-26 12:30:00', 1, 6, 99),
(607, '2023-08-28 06:50:00', '2023-08-29 12:30:00', 5, 2, 47),
(608, '2023-08-27 06:50:00', '2023-08-22 12:30:00', 4, 2, 66),
(609, '2023-08-28 06:50:00', '2023-08-26 12:30:00', 3, 4, 72),
(610, '2023-08-24 06:50:00', '2023-08-28 12:30:00', 6, 6, 93),
(611, '2023-08-27 06:50:00', '2023-08-24 12:30:00', 6, 1, 18),
(612, '2023-08-24 06:50:00', '2023-08-27 12:30:00', 3, 3, 9),
(613, '2023-08-24 06:50:00', '2023-08-24 12:30:00', 4, 4, 9),
(614, '2023-08-26 06:50:00', '2023-08-26 12:30:00', 5, 3, 16),
(615, '2023-08-29 06:50:00', '2023-08-28 12:30:00', 2, 1, 60),
(616, '2023-08-26 06:50:00', '2023-08-26 12:30:00', 3, 3, 37),
(617, '2023-08-22 06:50:00', '2023-08-28 12:30:00', 6, 6, 64),
(618, '2023-08-25 06:50:00', '2023-08-23 12:30:00', 1, 4, 57),
(619, '2023-08-25 06:50:00', '2023-08-22 12:30:00', 5, 2, 78),
(620, '2023-08-28 06:50:00', '2023-08-25 12:30:00', 2, 4, 70),
(621, '2023-08-23 06:50:00', '2023-08-25 12:30:00', 2, 2, 15),
(622, '2023-08-23 06:50:00', '2023-08-25 12:30:00', 2, 4, 47),
(623, '2023-08-26 06:50:00', '2023-08-22 12:30:00', 5, 2, 30),
(624, '2023-08-28 06:50:00', '2023-08-29 12:30:00', 2, 1, 47),
(625, '2023-08-23 06:50:00', '2023-08-25 12:30:00', 4, 4, 85),
(626, '2023-08-28 06:50:00', '2023-08-28 12:30:00', 5, 2, 49),
(627, '2023-08-27 06:50:00', '2023-08-23 12:30:00', 1, 3, 83),
(628, '2023-08-24 06:50:00', '2023-08-23 12:30:00', 1, 2, 39),
(629, '2023-08-27 06:50:00', '2023-08-29 12:30:00', 2, 3, 34),
(630, '2023-08-26 06:50:00', '2023-08-22 12:30:00', 2, 3, 89),
(631, '2023-08-26 06:50:00', '2023-08-22 12:30:00', 4, 2, 93),
(632, '2023-08-24 06:50:00', '2023-08-29 12:30:00', 6, 3, 17),
(633, '2023-08-29 06:50:00', '2023-08-25 12:30:00', 3, 5, 76),
(634, '2023-08-22 06:50:00', '2023-08-28 12:30:00', 3, 2, 83),
(635, '2023-08-22 06:50:00', '2023-08-29 12:30:00', 6, 5, 93),
(636, '2023-08-25 06:50:00', '2023-08-25 12:30:00', 4, 5, 35),
(637, '2023-08-27 06:50:00', '2023-08-22 12:30:00', 4, 1, 11),
(638, '2023-08-28 06:50:00', '2023-08-25 12:30:00', 1, 4, 17),
(639, '2023-08-23 06:50:00', '2023-08-26 12:30:00', 3, 3, 67),
(640, '2023-08-27 06:50:00', '2023-08-28 12:30:00', 5, 4, 90),
(641, '2023-08-23 06:50:00', '2023-08-24 12:30:00', 4, 4, 78),
(642, '2023-08-23 06:50:00', '2023-08-24 12:30:00', 3, 3, 82),
(643, '2023-08-28 06:50:00', '2023-08-27 12:30:00', 4, 5, 49),
(644, '2023-08-26 06:50:00', '2023-08-23 12:30:00', 3, 2, 26),
(645, '2023-08-29 06:50:00', '2023-08-27 12:30:00', 1, 3, 19),
(646, '2023-08-25 06:50:00', '2023-08-26 12:30:00', 1, 2, 43),
(647, '2023-08-28 06:50:00', '2023-08-28 12:30:00', 1, 1, 48),
(648, '2023-08-23 06:50:00', '2023-08-25 12:30:00', 1, 4, 83),
(649, '2023-08-23 06:50:00', '2023-08-25 12:30:00', 6, 1, 79),
(650, '2023-08-29 06:50:00', '2023-08-26 12:30:00', 2, 5, 13),
(651, '2023-08-23 06:50:00', '2023-08-27 12:30:00', 3, 6, 82),
(652, '2023-08-27 06:50:00', '2023-08-28 12:30:00', 3, 2, 20),
(653, '2023-08-29 06:50:00', '2023-08-28 12:30:00', 2, 3, 22),
(654, '2023-08-23 06:50:00', '2023-08-24 12:30:00', 5, 2, 46),
(655, '2023-08-29 06:50:00', '2023-08-26 12:30:00', 4, 1, 34),
(656, '2023-08-29 06:50:00', '2023-08-26 12:30:00', 4, 3, 2),
(657, '2023-08-26 06:50:00', '2023-08-24 12:30:00', 6, 2, 14),
(658, '2023-08-29 06:50:00', '2023-08-26 12:30:00', 3, 1, 23),
(659, '2023-08-28 06:50:00', '2023-08-25 12:30:00', 4, 2, 47),
(660, '2023-08-22 06:50:00', '2023-08-29 12:30:00', 1, 5, 34),
(661, '2023-08-22 06:50:00', '2023-08-24 12:30:00', 3, 5, 64),
(662, '2023-08-29 06:50:00', '2023-08-23 12:30:00', 1, 3, 97),
(663, '2023-08-24 06:50:00', '2023-08-26 12:30:00', 1, 2, 57),
(664, '2023-08-26 06:50:00', '2023-08-27 12:30:00', 5, 5, 3),
(665, '2023-08-28 06:50:00', '2023-08-24 12:30:00', 1, 1, 11),
(666, '2023-08-25 06:50:00', '2023-08-24 12:30:00', 5, 1, 7),
(667, '2023-08-26 06:50:00', '2023-08-23 12:30:00', 4, 2, 99),
(668, '2023-08-28 06:50:00', '2023-08-24 12:30:00', 5, 5, 86),
(669, '2023-08-27 06:50:00', '2023-08-22 12:30:00', 4, 6, 74),
(670, '2023-08-23 06:50:00', '2023-08-27 12:30:00', 4, 3, 81),
(671, '2023-08-24 06:50:00', '2023-08-23 12:30:00', 6, 6, 34),
(672, '2023-08-28 06:50:00', '2023-08-29 12:30:00', 5, 2, 39),
(673, '2023-08-23 06:50:00', '2023-08-26 12:30:00', 6, 3, 69),
(674, '2023-08-26 06:50:00', '2023-08-25 12:30:00', 6, 1, 81),
(675, '2023-08-24 06:50:00', '2023-08-25 12:30:00', 6, 2, 97),
(676, '2023-08-29 06:50:00', '2023-08-24 12:30:00', 4, 2, 46),
(677, '2023-08-25 06:50:00', '2023-08-22 12:30:00', 4, 1, 91),
(678, '2023-08-26 06:50:00', '2023-08-28 12:30:00', 1, 5, 62),
(679, '2023-08-27 06:50:00', '2023-08-22 12:30:00', 6, 6, 54),
(680, '2023-08-22 06:50:00', '2023-08-23 12:30:00', 2, 6, 20),
(681, '2023-08-27 06:50:00', '2023-08-23 12:30:00', 2, 5, 91),
(682, '2023-08-29 06:50:00', '2023-08-26 12:30:00', 1, 5, 40),
(683, '2023-08-28 06:50:00', '2023-08-27 12:30:00', 3, 6, 46),
(684, '2023-08-29 06:50:00', '2023-08-25 12:30:00', 2, 4, 43),
(685, '2023-08-29 06:50:00', '2023-08-24 12:30:00', 1, 5, 90),
(686, '2023-08-27 06:50:00', '2023-08-26 12:30:00', 5, 3, 5),
(687, '2023-08-27 06:50:00', '2023-08-23 12:30:00', 4, 1, 28),
(688, '2023-08-22 06:50:00', '2023-08-22 12:30:00', 5, 4, 25),
(689, '2023-08-23 06:50:00', '2023-08-25 12:30:00', 6, 1, 72),
(690, '2023-08-27 06:50:00', '2023-08-26 12:30:00', 5, 6, 51),
(691, '2023-08-22 06:50:00', '2023-08-28 12:30:00', 1, 5, 16),
(692, '2023-08-26 06:50:00', '2023-08-22 12:30:00', 1, 6, 89),
(693, '2023-08-29 06:50:00', '2023-08-24 12:30:00', 5, 2, 34),
(694, '2023-08-24 06:50:00', '2023-08-25 12:30:00', 3, 3, 70),
(695, '2023-08-29 06:50:00', '2023-08-27 12:30:00', 2, 1, 67),
(696, '2023-08-29 06:50:00', '2023-08-23 12:30:00', 6, 3, 8),
(697, '2023-08-29 06:50:00', '2023-08-27 12:30:00', 6, 5, 15),
(698, '2023-08-28 06:50:00', '2023-08-29 12:30:00', 6, 5, 61),
(699, '2023-08-27 06:50:00', '2023-08-23 12:30:00', 6, 5, 79),
(700, '2023-08-26 06:50:00', '2023-08-23 12:30:00', 2, 1, 34);

-- --------------------------------------------------------

--
-- Table structure for table `passanger`
--

CREATE TABLE `passanger` (
  `passport_number` varchar(20) NOT NULL,
  `username` varchar(30) NOT NULL,
  `password` varchar(30) NOT NULL
) ENGINE=InnoDB DEFAULT CHARSET=utf8mb4;

--
-- Dumping data for table `passanger`
--

INSERT INTO `passanger` (`passport_number`, `username`, `password`) VALUES
('AG 8148412', 'abcd', 'abcd'),
('BH 8150412', '1234', '1234'),
('E00007890', 'xyz', '123'),
('PA0940440', 'cyrus', '12345');

-- --------------------------------------------------------

--
-- Table structure for table `passport`
--

CREATE TABLE `passport` (
  `passport_number` varchar(20) NOT NULL,
  `first_name` varchar(50) NOT NULL,
  `last_name` varchar(50) NOT NULL,
  `date_of_birth` date NOT NULL,
  `address` varchar(200) DEFAULT NULL,
  `contact` varchar(20) DEFAULT NULL,
  `issue_date` date NOT NULL,
  `expiry_date` date NOT NULL,
  `nationality` varchar(30) DEFAULT NULL
) ENGINE=InnoDB DEFAULT CHARSET=latin1;

--
-- Dumping data for table `passport`
--

INSERT INTO `passport` (`passport_number`, `first_name`, `last_name`, `date_of_birth`, `address`, `contact`, `issue_date`, `expiry_date`, `nationality`) VALUES
('AG 8148412', 'Tasnim', 'Khatun', '1985-01-01', 'Modhupur, Tangail.', '01891012345', '2020-02-10', '2025-02-10', 'BANGLADESHI'),
('BH 8150412', 'Rahim', 'Rahman', '1960-08-25', 'Dhanmondi, Dhaka.', '01712345678', '2020-05-05', '2026-05-05', 'BANGLADESHI'),
('E00007890', 'Happy', 'Jenner', '1995-09-02', 'J94C+7H Leavenworth, Washington, USA', '+15095482382', '2021-10-10', '2031-10-10', 'United States Of America'),
('GU000508', 'Rosaenne', 'Holter', '2004-04-04', '800 15 St E, Prince Albert, SK S6V 8E3, Canada', '+13067649770', '2018-06-25', '2028-08-25', 'CANADIAN'),
('PA0940440', 'Cyrus Ornob', 'Corraya', '2004-04-04', 'Cnr Carlisle Ave &, Luxford Rd, Mount Druitt NSW 2770, Australia', '+61240063287', '2022-12-12', '2025-12-12', 'AUSTRALIAN'),
('ZE000508', 'Martin', 'Rosa', '1999-12-31', '1411 Warden Ave., Toronto, ON M1R 2S3, Canada', '+14162880033', '2023-05-05', '2033-05-05', 'CANADIAN');

-- --------------------------------------------------------

--
-- Table structure for table `plane`
--

CREATE TABLE `plane` (
  `plane_id` int(11) NOT NULL,
  `plane_number` varchar(20) NOT NULL,
  `model_id` int(11) NOT NULL
) ENGINE=InnoDB DEFAULT CHARSET=latin1;

--
-- Dumping data for table `plane`
--

INSERT INTO `plane` (`plane_id`, `plane_number`, `model_id`) VALUES
(1, '343631373733', 3),
(2, '343430353431', 3),
(3, '343931343130', 1),
(4, '333830333839', 2),
(5, '343038373934', 2),
(6, '323636343133', 2),
(7, '343230383133', 1),
(8, '343532323031', 3),
(9, '333438313036', 1),
(10, '343431323636', 2),
(11, '343334303631', 3),
(12, '353033393538', 1),
(13, '333432383436', 2),
(14, '333930373333', 1),
(15, '323837343938', 2),
(16, '353137323733', 1),
(17, '333433303335', 2),
(18, '333836343839', 2),
(19, '323830313439', 3),
(20, '343030353036', 3),
(21, '343137383539', 3),
(22, '333839383532', 1),
(23, '343036303733', 2),
(24, '343832343732', 2),
(25, '333333343537', 3),
(26, '343635373337', 2),
(27, '343737393833', 3),
(28, '333238363831', 3),
(29, '333434393133', 1),
(30, '353031323632', 3),
(31, '343337353333', 3),
(32, '333039373836', 2),
(33, '333238333334', 3),
(34, '343133303038', 3),
(35, '343737393437', 3),
(36, '333637303038', 2),
(37, '343031313034', 2),
(38, '333137373635', 2),
(39, '323931363334', 3),
(40, '343730353039', 3),
(41, '343130323030', 3),
(42, '333136343933', 2),
(43, '353139343032', 1),
(44, '343337383738', 1),
(45, '343039363731', 2),
(46, '353135393235', 3),
(47, '343237323831', 3),
(48, '343030313832', 2),
(49, '343231383739', 1),
(50, '343336343233', 3),
(51, '343135343139', 3),
(52, '323739323937', 3),
(53, '333830353338', 3),
(54, '333831323934', 3),
(55, '333839303038', 2),
(56, '333032313339', 2),
(57, '343737393036', 3),
(58, '343536373336', 2),
(59, '333530323630', 2),
(60, '343831343933', 2),
(61, '323839303931', 2),
(62, '343438393031', 1),
(63, '343433383238', 3),
(64, '343831343634', 2),
(65, '353039303031', 1),
(66, '343333333136', 3),
(67, '323932383935', 2),
(68, '333438313935', 2),
(69, '333131333232', 2),
(70, '343335343135', 1),
(71, '333434353732', 2),
(72, '343539383335', 3),
(73, '343030363033', 1),
(74, '333534313432', 3),
(75, '333633343338', 2),
(76, '343631393637', 2),
(77, '343935323538', 3),
(78, '333737373538', 3),
(79, '343937323338', 3),
(80, '333936393332', 1),
(81, '323637393438', 3),
(82, '333536313931', 1),
(83, '343731363332', 2),
(84, '343838303138', 2),
(85, '333934323231', 3),
(86, '323832303736', 3),
(87, '333232373535', 3),
(88, '333238303838', 2),
(89, '333233303239', 3),
(90, '343331333138', 3),
(91, '333930323733', 3),
(92, '333038313539', 2),
(93, '343833343030', 3),
(94, '333033313031', 2),
(95, '343039323935', 3),
(96, '333135353538', 3),
(97, '343736393135', 2),
(98, '343131303237', 3),
(99, '343430363637', 1),
(100, '333031353238', 2);

-- --------------------------------------------------------

--
-- Table structure for table `plane_model`
--

CREATE TABLE `plane_model` (
  `model_id` int(11) NOT NULL,
  `model_name` varchar(100) NOT NULL
) ENGINE=InnoDB DEFAULT CHARSET=latin1;

--
-- Dumping data for table `plane_model`
--

INSERT INTO `plane_model` (`model_id`, `model_name`) VALUES
(3, 'Airbus A220'),
(2, 'Boeing 757'),
(1, 'Boeing 777');

-- --------------------------------------------------------

--
-- Table structure for table `seat`
--

CREATE TABLE `seat` (
  `seat_id` int(11) NOT NULL,
  `seat_name` varchar(10) NOT NULL,
  `model_id` int(11) NOT NULL
) ENGINE=InnoDB DEFAULT CHARSET=latin1;

--
-- Dumping data for table `seat`
--

INSERT INTO `seat` (`seat_id`, `seat_name`, `model_id`) VALUES
(1, 'A-1', 1),
(2, 'A-2', 1),
(3, 'A-3', 1),
(4, 'A-4', 1),
(5, 'A-5', 1),
(6, 'A-6', 1),
(7, 'A-7', 1),
(8, 'A-8', 1),
(9, 'A-9', 1),
(10, 'A-10', 1),
(11, 'A-11', 1),
(12, 'A-12', 1),
(13, 'A-13', 1),
(14, 'A-14', 1),
(15, 'A-15', 1),
(16, 'A-16', 1),
(17, 'A-17', 1),
(18, 'A-18', 1),
(19, 'A-19', 1),
(20, 'A-20', 1),
(21, 'B-1', 1),
(22, 'B-2', 1),
(23, 'B-3', 1),
(24, 'B-4', 1),
(25, 'B-5', 1),
(26, 'B-6', 1),
(27, 'B-7', 1),
(28, 'B-8', 1),
(29, 'B-9', 1),
(30, 'B-10', 1),
(31, 'B-11', 1),
(32, 'B-12', 1),
(33, 'B-13', 1),
(34, 'B-14', 1),
(35, 'B-15', 1),
(36, 'B-16', 1),
(37, 'B-17', 1),
(38, 'B-18', 1),
(39, 'B-19', 1),
(40, 'B-20', 1),
(41, 'C-1', 1),
(42, 'C-2', 1),
(43, 'C-3', 1),
(44, 'C-4', 1),
(45, 'C-5', 1),
(46, 'C-6', 1),
(47, 'C-7', 1),
(48, 'C-8', 1),
(49, 'C-9', 1),
(50, 'C-10', 1),
(51, 'C-11', 1),
(52, 'C-12', 1),
(53, 'C-13', 1),
(54, 'C-14', 1),
(55, 'C-15', 1),
(56, 'C-16', 1),
(57, 'C-17', 1),
(58, 'C-18', 1),
(59, 'C-19', 1),
(60, 'C-20', 1),
(61, 'D-1', 1),
(62, 'D-2', 1),
(63, 'D-3', 1),
(64, 'D-4', 1),
(65, 'D-5', 1),
(66, 'D-6', 1),
(67, 'D-7', 1),
(68, 'D-8', 1),
(69, 'D-9', 1),
(70, 'D-10', 1),
(71, 'D-11', 1),
(72, 'D-12', 1),
(73, 'D-13', 1),
(74, 'D-14', 1),
(75, 'D-15', 1),
(76, 'D-16', 1),
(77, 'D-17', 1),
(78, 'D-18', 1),
(79, 'D-19', 1),
(80, 'D-20', 1),
(81, 'A-1', 2),
(82, 'A-2', 2),
(83, 'A-3', 2),
(84, 'A-4', 2),
(85, 'A-5', 2),
(86, 'A-6', 2),
(87, 'A-7', 2),
(88, 'A-8', 2),
(89, 'A-9', 2),
(90, 'A-10', 2),
(91, 'B-1', 2),
(92, 'B-2', 2),
(93, 'B-3', 2),
(94, 'B-4', 2),
(95, 'B-5', 2),
(96, 'B-6', 2),
(97, 'B-7', 2),
(98, 'B-8', 2),
(99, 'B-9', 2),
(100, 'B-10', 2),
(101, 'C-1', 2),
(102, 'C-2', 2),
(103, 'C-3', 2),
(104, 'C-4', 2),
(105, 'C-5', 2),
(106, 'C-6', 2),
(107, 'C-7', 2),
(108, 'C-8', 2),
(109, 'C-9', 2),
(110, 'C-10', 2),
(111, 'D-1', 2),
(112, 'D-2', 2),
(113, 'D-3', 2),
(114, 'D-4', 2),
(115, 'D-5', 2),
(116, 'D-6', 2),
(117, 'D-7', 2),
(118, 'D-8', 2),
(119, 'D-9', 2),
(120, 'D-10', 2),
(121, 'A-1', 3),
(122, 'A-2', 3),
(123, 'A-3', 3),
(124, 'A-4', 3),
(125, 'A-5', 3),
(126, 'B-1', 3),
(127, 'B-2', 3),
(128, 'B-3', 3),
(129, 'B-4', 3),
(130, 'B-5', 3),
(131, 'C-1', 3),
(132, 'C-2', 3),
(133, 'C-3', 3),
(134, 'C-4', 3),
(135, 'C-5', 3),
(136, 'D-1', 3),
(137, 'D-2', 3),
(138, 'D-3', 3),
(139, 'D-4', 3),
(140, 'D-5', 3);

--
-- Indexes for dumped tables
--

--
-- Indexes for table `airport`
--
ALTER TABLE `airport`
  ADD PRIMARY KEY (`airport_id`),
  ADD UNIQUE KEY `name` (`name`);

--
-- Indexes for table `booking`
--
ALTER TABLE `booking`
  ADD PRIMARY KEY (`booking_id`);

--
-- Indexes for table `flight`
--
ALTER TABLE `flight`
  ADD PRIMARY KEY (`flight_id`);

--
-- Indexes for table `passanger`
--
ALTER TABLE `passanger`
  ADD UNIQUE KEY `passport_number` (`passport_number`),
  ADD UNIQUE KEY `username` (`username`);

--
-- Indexes for table `passport`
--
ALTER TABLE `passport`
  ADD PRIMARY KEY (`passport_number`);

--
-- Indexes for table `plane`
--
ALTER TABLE `plane`
  ADD PRIMARY KEY (`plane_id`),
  ADD UNIQUE KEY `plane_number` (`plane_number`);

--
-- Indexes for table `plane_model`
--
ALTER TABLE `plane_model`
  ADD PRIMARY KEY (`model_id`),
  ADD UNIQUE KEY `model_name` (`model_name`);

--
-- Indexes for table `seat`
--
ALTER TABLE `seat`
  ADD PRIMARY KEY (`seat_id`);

--
-- AUTO_INCREMENT for dumped tables
--

--
-- AUTO_INCREMENT for table `airport`
--
ALTER TABLE `airport`
  MODIFY `airport_id` int(11) NOT NULL AUTO_INCREMENT, AUTO_INCREMENT=13;

--
-- AUTO_INCREMENT for table `booking`
--
ALTER TABLE `booking`
  MODIFY `booking_id` int(11) NOT NULL AUTO_INCREMENT, AUTO_INCREMENT=13;

--
-- AUTO_INCREMENT for table `flight`
--
ALTER TABLE `flight`
  MODIFY `flight_id` int(11) NOT NULL AUTO_INCREMENT, AUTO_INCREMENT=701;

--
-- AUTO_INCREMENT for table `plane`
--
ALTER TABLE `plane`
  MODIFY `plane_id` int(11) NOT NULL AUTO_INCREMENT, AUTO_INCREMENT=101;

--
-- AUTO_INCREMENT for table `plane_model`
--
ALTER TABLE `plane_model`
  MODIFY `model_id` int(11) NOT NULL AUTO_INCREMENT, AUTO_INCREMENT=6;

--
-- AUTO_INCREMENT for table `seat`
--
ALTER TABLE `seat`
  MODIFY `seat_id` int(11) NOT NULL AUTO_INCREMENT, AUTO_INCREMENT=141;
COMMIT;

/*!40101 SET CHARACTER_SET_CLIENT=@OLD_CHARACTER_SET_CLIENT */;
/*!40101 SET CHARACTER_SET_RESULTS=@OLD_CHARACTER_SET_RESULTS */;
/*!40101 SET COLLATION_CONNECTION=@OLD_COLLATION_CONNECTION */;
